<annotation>
	<folder>images</folder>
	<filename>faishalls (206).jpg</filename>
	<path>C:\Users\User\Documents\Python\Dataset\faishal\images\faishalls (206).jpg</path>
	<source>
		<database>Unknown</database>
	</source>
	<size>
		<width>507</width>
		<height>902</height>
		<depth>3</depth>
	</size>
	<segmented>0</segmented>
	<object>
		<name>faishal</name>
		<pose>Unspecified</pose>
		<truncated>0</truncated>
		<difficult>0</difficult>
		<bndbox>
			<xmin>156</xmin>
			<ymin>190</ymin>
			<xmax>386</xmax>
			<ymax>518</ymax>
		</bndbox>
	</object>
</annotation>
