<annotation>
	<folder>images</folder>
	<filename>faishalls (212).jpg</filename>
	<path>C:\Users\User\Documents\Python\Dataset\faishal\images\faishalls (212).jpg</path>
	<source>
		<database>Unknown</database>
	</source>
	<size>
		<width>514</width>
		<height>914</height>
		<depth>3</depth>
	</size>
	<segmented>0</segmented>
	<object>
		<name>faishal</name>
		<pose>Unspecified</pose>
		<truncated>0</truncated>
		<difficult>0</difficult>
		<bndbox>
			<xmin>143</xmin>
			<ymin>185</ymin>
			<xmax>385</xmax>
			<ymax>536</ymax>
		</bndbox>
	</object>
</annotation>
