<annotation>
	<folder>images</folder>
	<filename>faishalls (214).jpg</filename>
	<path>C:\Users\User\Documents\Python\Dataset\faishal\images\faishalls (214).jpg</path>
	<source>
		<database>Unknown</database>
	</source>
	<size>
		<width>515</width>
		<height>916</height>
		<depth>3</depth>
	</size>
	<segmented>0</segmented>
	<object>
		<name>faishal</name>
		<pose>Unspecified</pose>
		<truncated>0</truncated>
		<difficult>0</difficult>
		<bndbox>
			<xmin>154</xmin>
			<ymin>194</ymin>
			<xmax>383</xmax>
			<ymax>531</ymax>
		</bndbox>
	</object>
</annotation>
