<annotation>
	<folder>images</folder>
	<filename>faishalls (210).jpg</filename>
	<path>C:\Users\User\Documents\Python\Dataset\faishal\images\faishalls (210).jpg</path>
	<source>
		<database>Unknown</database>
	</source>
	<size>
		<width>511</width>
		<height>908</height>
		<depth>3</depth>
	</size>
	<segmented>0</segmented>
	<object>
		<name>faishal</name>
		<pose>Unspecified</pose>
		<truncated>0</truncated>
		<difficult>0</difficult>
		<bndbox>
			<xmin>155</xmin>
			<ymin>204</ymin>
			<xmax>389</xmax>
			<ymax>526</ymax>
		</bndbox>
	</object>
</annotation>
