<annotation>
	<folder>images</folder>
	<filename>faishalls (207).jpg</filename>
	<path>C:\Users\User\Documents\Python\Dataset\faishal\images\faishalls (207).jpg</path>
	<source>
		<database>Unknown</database>
	</source>
	<size>
		<width>508</width>
		<height>903</height>
		<depth>3</depth>
	</size>
	<segmented>0</segmented>
	<object>
		<name>faishal</name>
		<pose>Unspecified</pose>
		<truncated>0</truncated>
		<difficult>0</difficult>
		<bndbox>
			<xmin>164</xmin>
			<ymin>195</ymin>
			<xmax>402</xmax>
			<ymax>523</ymax>
		</bndbox>
	</object>
</annotation>
