<annotation>
	<folder>images</folder>
	<filename>yusron1.jpg</filename>
	<path>C:\Users\User\Documents\Python\Dataset\yusron\images\yusron1.jpg</path>
	<source>
		<database>Unknown</database>
	</source>
	<size>
		<width>387</width>
		<height>687</height>
		<depth>3</depth>
	</size>
	<segmented>0</segmented>
	<object>
		<name>yusron</name>
		<pose>Unspecified</pose>
		<truncated>0</truncated>
		<difficult>0</difficult>
		<bndbox>
			<xmin>108</xmin>
			<ymin>205</ymin>
			<xmax>267</xmax>
			<ymax>421</ymax>
		</bndbox>
	</object>
</annotation>
