<annotation>
	<folder>images</folder>
	<filename>yusron10.jpg</filename>
	<path>C:\Users\User\Documents\Python\Dataset\yusron\images\yusron10.jpg</path>
	<source>
		<database>Unknown</database>
	</source>
	<size>
		<width>388</width>
		<height>691</height>
		<depth>3</depth>
	</size>
	<segmented>0</segmented>
	<object>
		<name>yusron</name>
		<pose>Unspecified</pose>
		<truncated>0</truncated>
		<difficult>0</difficult>
		<bndbox>
			<xmin>101</xmin>
			<ymin>212</ymin>
			<xmax>257</xmax>
			<ymax>410</ymax>
		</bndbox>
	</object>
</annotation>
