<annotation>
	<folder>images</folder>
	<filename>yusron6.jpg</filename>
	<path>C:\Users\User\Documents\Python\Dataset\yusron\images\yusron6.jpg</path>
	<source>
		<database>Unknown</database>
	</source>
	<size>
		<width>393</width>
		<height>698</height>
		<depth>3</depth>
	</size>
	<segmented>0</segmented>
	<object>
		<name>yusron</name>
		<pose>Unspecified</pose>
		<truncated>0</truncated>
		<difficult>0</difficult>
		<bndbox>
			<xmin>106</xmin>
			<ymin>216</ymin>
			<xmax>253</xmax>
			<ymax>420</ymax>
		</bndbox>
	</object>
</annotation>
