<annotation>
	<folder>images</folder>
	<filename>yusron2.jpg</filename>
	<path>C:\Users\User\Documents\Python\Dataset\yusron\images\yusron2.jpg</path>
	<source>
		<database>Unknown</database>
	</source>
	<size>
		<width>388</width>
		<height>690</height>
		<depth>3</depth>
	</size>
	<segmented>0</segmented>
	<object>
		<name>yusron</name>
		<pose>Unspecified</pose>
		<truncated>0</truncated>
		<difficult>0</difficult>
		<bndbox>
			<xmin>105</xmin>
			<ymin>209</ymin>
			<xmax>263</xmax>
			<ymax>415</ymax>
		</bndbox>
	</object>
</annotation>
