<annotation>
	<folder>images</folder>
	<filename>yusron3.jpg</filename>
	<path>C:\Users\User\Documents\Python\Dataset\yusron\images\yusron3.jpg</path>
	<source>
		<database>Unknown</database>
	</source>
	<size>
		<width>390</width>
		<height>693</height>
		<depth>3</depth>
	</size>
	<segmented>0</segmented>
	<object>
		<name>yusron</name>
		<pose>Unspecified</pose>
		<truncated>0</truncated>
		<difficult>0</difficult>
		<bndbox>
			<xmin>107</xmin>
			<ymin>197</ymin>
			<xmax>256</xmax>
			<ymax>413</ymax>
		</bndbox>
	</object>
</annotation>
