<annotation>
	<folder>images</folder>
	<filename>yusron4.jpg</filename>
	<path>C:\Users\User\Documents\Python\Dataset\yusron\images\yusron4.jpg</path>
	<source>
		<database>Unknown</database>
	</source>
	<size>
		<width>391</width>
		<height>696</height>
		<depth>3</depth>
	</size>
	<segmented>0</segmented>
	<object>
		<name>yusron</name>
		<pose>Unspecified</pose>
		<truncated>0</truncated>
		<difficult>0</difficult>
		<bndbox>
			<xmin>102</xmin>
			<ymin>212</ymin>
			<xmax>260</xmax>
			<ymax>413</ymax>
		</bndbox>
	</object>
</annotation>
