<annotation>
	<folder>images</folder>
	<filename>yusron7.jpg</filename>
	<path>C:\Users\User\Documents\Python\Dataset\yusron\images\yusron7.jpg</path>
	<source>
		<database>Unknown</database>
	</source>
	<size>
		<width>392</width>
		<height>697</height>
		<depth>3</depth>
	</size>
	<segmented>0</segmented>
	<object>
		<name>yusron</name>
		<pose>Unspecified</pose>
		<truncated>0</truncated>
		<difficult>0</difficult>
		<bndbox>
			<xmin>98</xmin>
			<ymin>208</ymin>
			<xmax>255</xmax>
			<ymax>423</ymax>
		</bndbox>
	</object>
</annotation>
