<annotation>
	<folder>images</folder>
	<filename>faizal9.jpg</filename>
	<path>C:\Users\User\Documents\Python\Dataset\pendo\images\faizal9.jpg</path>
	<source>
		<database>Unknown</database>
	</source>
	<size>
		<width>524</width>
		<height>931</height>
		<depth>3</depth>
	</size>
	<segmented>0</segmented>
	<object>
		<name>faizal</name>
		<pose>Unspecified</pose>
		<truncated>0</truncated>
		<difficult>0</difficult>
		<bndbox>
			<xmin>136</xmin>
			<ymin>288</ymin>
			<xmax>367</xmax>
			<ymax>610</ymax>
		</bndbox>
	</object>
</annotation>
