<annotation>
	<folder>images</folder>
	<filename>faizal8.jpg</filename>
	<path>C:\Users\User\Documents\Python\Dataset\pendo\images\faizal8.jpg</path>
	<source>
		<database>Unknown</database>
	</source>
	<size>
		<width>523</width>
		<height>929</height>
		<depth>3</depth>
	</size>
	<segmented>0</segmented>
	<object>
		<name>faizal</name>
		<pose>Unspecified</pose>
		<truncated>0</truncated>
		<difficult>0</difficult>
		<bndbox>
			<xmin>131</xmin>
			<ymin>287</ymin>
			<xmax>380</xmax>
			<ymax>611</ymax>
		</bndbox>
	</object>
</annotation>
