<annotation>
	<folder>images</folder>
	<filename>faizal4.jpg</filename>
	<path>C:\Users\User\Documents\Python\Dataset\pendo\images\faizal4.jpg</path>
	<source>
		<database>Unknown</database>
	</source>
	<size>
		<width>520</width>
		<height>925</height>
		<depth>3</depth>
	</size>
	<segmented>0</segmented>
	<object>
		<name>faizal</name>
		<pose>Unspecified</pose>
		<truncated>0</truncated>
		<difficult>0</difficult>
		<bndbox>
			<xmin>138</xmin>
			<ymin>285</ymin>
			<xmax>387</xmax>
			<ymax>607</ymax>
		</bndbox>
	</object>
</annotation>
