<annotation>
	<folder>images</folder>
	<filename>faizal3.jpg</filename>
	<path>C:\Users\User\Documents\Python\Dataset\pendo\images\faizal3.jpg</path>
	<source>
		<database>Unknown</database>
	</source>
	<size>
		<width>519</width>
		<height>923</height>
		<depth>3</depth>
	</size>
	<segmented>0</segmented>
	<object>
		<name>faizal</name>
		<pose>Unspecified</pose>
		<truncated>0</truncated>
		<difficult>0</difficult>
		<bndbox>
			<xmin>150</xmin>
			<ymin>294</ymin>
			<xmax>384</xmax>
			<ymax>602</ymax>
		</bndbox>
	</object>
</annotation>
