<annotation>
	<folder>images</folder>
	<filename>faizal5.jpg</filename>
	<path>C:\Users\User\Documents\Python\Dataset\pendo\images\faizal5.jpg</path>
	<source>
		<database>Unknown</database>
	</source>
	<size>
		<width>521</width>
		<height>925</height>
		<depth>3</depth>
	</size>
	<segmented>0</segmented>
	<object>
		<name>faizal</name>
		<pose>Unspecified</pose>
		<truncated>0</truncated>
		<difficult>0</difficult>
		<bndbox>
			<xmin>131</xmin>
			<ymin>283</ymin>
			<xmax>389</xmax>
			<ymax>609</ymax>
		</bndbox>
	</object>
</annotation>
