<annotation>
	<folder>images</folder>
	<filename>faizal7.jpg</filename>
	<path>C:\Users\User\Documents\Python\Dataset\pendo\images\faizal7.jpg</path>
	<source>
		<database>Unknown</database>
	</source>
	<size>
		<width>522</width>
		<height>928</height>
		<depth>3</depth>
	</size>
	<segmented>0</segmented>
	<object>
		<name>faizal</name>
		<pose>Unspecified</pose>
		<truncated>0</truncated>
		<difficult>0</difficult>
		<bndbox>
			<xmin>133</xmin>
			<ymin>289</ymin>
			<xmax>374</xmax>
			<ymax>614</ymax>
		</bndbox>
	</object>
</annotation>
